,ID,First,Last,DOB,SSN,State
0,232,John,Mathews,24/02/1991,289-31-9165,ND
1,533,Nathan,Moore,19/11/1978,220-05-7469,ME
2,256,Amanda,Douglas,08/01/1990,564-27-6961,ID
3,189,Heather,Andrews,11/08/1976,742-79-1797,VT
4,284,Daniel,Hernandez,22/07/1976,656-01-7473,CO
5,512,Danny,Pena,31/01/1978,158-33-9878,MN
6,126,Gary,Knight,08/03/1994,782-25-1242,AR
7,556,Robin,Carroll,14/10/1972,606-48-7194,CA
8,595,Michelle,Dickerson,08/02/1984,707-24-2817,TN
9,191,Kimberly,Gallegos,05/08/1972,653-52-7563,OR
10,55,Morgan,Parker,30/01/1986,692-70-4320,TN
11,623,Mason,Rhodes,28/01/1977,841-07-4767,MD
12,426,Amy,Griffin,18/02/1973,241-86-1946,MA
13,535,Danielle,House,16/04/1975,350-25-9308,ME
14,399,Charles,Greene,28/11/1992,299-23-2935,KY
15,33,Nicholas,Martinez,05/04/1979,122-26-1689,LA
16,302,Tracey,Meadows,12/01/1988,642-22-6175,RI
17,325,Renee,Evans,14/03/1991,748-42-2708,MT
18,188,Joseph,Estrada,29/03/1984,246-57-2571,PA
19,184,Jeremy,Warner,20/10/1987,423-43-1184,AL
20,526,Anthony,Rodriguez,09/02/1983,843-84-3865,ID
21,85,Kristen,Lopez,02/01/1978,364-04-8194,VA
22,171,Mark,Mcdonald,27/06/1984,053-77-0101,MT
23,74,Robert,Freeman,01/01/1984,084-85-5211,AR
24,69,Michael,Reynolds,30/10/1994,592-41-8507,CA
25,365,Kristine,Little,10/07/1974,113-66-1771,SD
26,149,April,Barnes,15/02/1983,128-77-3288,RI
27,218,Pamela,Hodges,19/02/1989,006-66-1423,UT
28,647,Ronald,Gilbert,26/05/1974,457-77-4448,WY
29,518,Thomas,Cooper,17/08/1972,212-54-9890,CO
30,12,Dakota,Harrington,24/08/1972,798-25-7188,VA
31,622,Jennifer,Porter,20/01/1991,170-63-5572,WI
32,159,Beverly,Jordan,15/08/1986,671-99-3762,NM
33,394,Mark,Brown,02/04/1975,236-95-8531,CA
34,158,Amy,Ford,05/06/1974,002-25-6461,NC
35,446,Benjamin,King,07/05/1973,739-64-8165,RI
36,352,Stephen,Bryant,15/05/1991,332-13-6488,SD
37,598,Brandi,Williams,15/10/1989,110-22-8500,MD
38,505,Ashley,Hutchinson,26/04/1994,879-50-1510,SC
39,173,Alisha,Pacheco,13/01/1982,470-37-2496,MI
40,84,Robert,Campbell,27/02/1973,278-32-9581,SD
41,406,Sandra,Sanders,06/10/1980,006-06-1673,RI
42,164,Katherine,Hensley,29/05/1991,700-38-7226,CT
43,267,Stacy,Cox,08/11/1976,302-26-0990,AL
44,503,Frank,Barton,10/06/1993,774-52-5568,MA
45,295,Shannon,Kramer,04/05/1980,680-62-7615,SC
46,590,Brenda,James,31/12/1977,721-56-3251,HI
47,97,Paula,Edwards,10/08/1988,645-23-0638,KS
48,3,Jennifer,Rowe,16/09/1980,801-60-9014,NY
49,20,David,Foster,09/01/1990,365-26-6956,MO
50,179,William,Boyle,30/01/1988,834-63-0490,AR
51,86,Christopher,Greene,29/05/1972,530-92-8446,ID
52,219,Matthew,Fuller,27/04/1980,738-39-2989,MS
53,237,Gabriela,Nguyen,17/12/1981,075-73-3729,WA
54,96,Allison,Diaz,25/03/1994,281-52-8927,AR
55,22,Isaac,Jordan,06/05/1986,488-29-0520,TX
56,439,Cheryl,Bailey,31/10/1991,426-94-1224,NC
57,146,Julie,Castillo,16/02/1988,876-21-4523,AK
58,271,Michael,Adams,10/12/1986,070-09-3927,FL
59,103,Melinda,Parsons,07/02/1986,600-90-8751,NE
60,540,Robert,Campbell,17/01/1987,368-69-3694,DE
61,144,Julie,Nelson,08/08/1994,695-57-1332,SD
62,594,Steven,Nelson,14/04/1989,664-38-2085,VT
63,176,Hailey,Lynn,25/03/1973,863-75-9488,CA
64,198,Dillon,Nguyen,26/05/1978,515-28-4552,IL
65,433,Hannah,Miller,18/10/1973,710-61-4657,NY
66,274,Jeffrey,Harris,25/05/1994,117-70-4763,KY
67,6,Daniel,Welch,08/08/1982,001-90-6950,IL
68,452,Bryan,Jackson,08/09/1982,801-72-8117,MD
69,23,Denise,George,07/09/1990,022-05-4879,WI
70,373,Alicia,Carney,10/09/1989,568-83-9437,OH
71,374,William,Peters,20/03/1986,716-80-7516,KY
72,200,Dustin,Drake,17/09/1993,257-73-5454,WV
73,428,Jessica,Thornton,03/01/1983,546-27-2381,KS
74,116,Rebecca,Wilson,08/06/1980,760-70-6629,MI
75,418,Katherine,Lane,01/11/1986,019-89-6820,NH
76,9,Sarah,Harper,27/07/1993,824-14-5891,AK
77,230,Jermaine,Hill,11/09/1988,126-49-5479,NJ
78,502,Michael,Marshall,05/04/1990,118-93-5125,MI
79,632,Kirsten,Mcbride,10/09/1973,797-71-2372,IA
80,112,Rachael,Holmes,30/07/1973,096-04-2067,GA
81,422,Leon,Foster,19/09/1975,413-38-3153,SC
82,131,David,Mcclain,02/08/1976,075-49-5430,OH
83,404,Emily,Lawrence,24/11/1991,224-10-1991,TN
84,504,Troy,Booth,27/12/1990,485-13-5141,TN
85,194,Stephanie,Ho,25/04/1983,204-51-3656,KS
86,567,Michele,Hendricks,10/03/1990,737-42-7341,MS
87,253,Eric,Harper,12/11/1986,067-02-2860,NV
88,407,Jonathan,Gomez,05/06/1993,395-99-4727,SD
89,82,Kevin,Garcia,25/11/1977,206-65-4722,NV
90,429,Howard,Lawson,13/04/1984,401-14-7664,MI
91,78,Stacy,Robertson,24/09/1974,571-39-0248,WY
92,167,John,Beck,27/07/1985,524-33-3635,AR
93,484,Julia,Morgan,18/03/1976,767-20-1731,WI
94,60,Allen,Leon,06/04/1975,841-36-9089,MI
95,400,James,Rios,04/03/1978,383-08-3987,ID
96,34,Ralph,Wells,19/10/1988,216-43-4237,KS
97,596,Megan,Chavez,08/10/1991,747-91-7659,CT
98,279,Ashley,Patrick,07/06/1974,839-26-0763,WY
99,466,Bonnie,Bowen,07/11/1993,800-70-5889,ID
100,327,Andrew,Lawson,05/04/1982,856-80-7313,MT
101,382,Tonya,Chavez,17/04/1984,786-57-5703,MT
102,369,Michelle,Larson,20/03/1980,532-69-3866,FL
103,347,Mark,Garrett,18/09/1985,402-24-4408,WY
104,25,Chelsea,Rivera,21/06/1987,085-21-0140,NH
105,317,Amanda,Krause,06/11/1977,113-41-4744,IL
106,321,Paige,Spencer,02/09/1991,363-54-8621,NY
107,193,Rhonda,Gonzales,07/06/1976,516-64-4110,ID
108,606,Jasmine,Kelly,30/06/1979,055-80-3251,MN
109,123,Amy,Sherman,04/08/1973,782-65-6029,NJ
110,566,David,Arroyo,16/04/1975,732-94-9403,FL
111,409,Robert,Lin,12/11/1975,561-55-0121,AZ
112,265,Paul,Wilson,19/06/1993,391-91-9871,IA
113,490,Paul,Meyers,13/03/1989,404-53-1680,HI
114,311,Jessica,Elliott,04/06/1978,772-77-1632,OH
115,537,Anthony,Richmond,05/10/1989,080-33-8935,AR
116,147,William,Rivera,08/03/1975,803-02-7032,SD
117,304,Sheri,Villegas,13/02/1985,465-80-8629,OR
118,472,Kelly,Hopkins,08/10/1984,890-86-6875,HI
119,348,Darren,Farrell,24/05/1991,678-95-5885,CA
120,91,Darlene,Harmon,05/05/1980,227-65-3052,WV
121,410,Rachel,Lyons,29/08/1972,296-79-0900,ME
122,344,David,Jacobs,28/02/1982,065-41-3682,FL
123,419,Christina,Weeks,15/10/1972,740-28-2028,PA
124,1,Andrea,Anderson,12/11/1984,818-91-5650,CT
125,532,Jennifer,Smith,31/01/1989,705-34-1748,GA
126,107,Shirley,Andrews,07/12/1981,723-99-5306,OH
127,166,Adrian,Rivera,13/02/1973,144-95-5638,MA
128,391,George,Mckinney,04/02/1984,755-33-7748,UT
129,67,Hailey,Boyd,17/11/1980,086-77-0270,NY
130,447,Tiffany,Harris,12/01/1983,121-83-9733,WV
131,653,Mary,Hunter,01/11/1977,177-57-6623,TX
132,294,Robert,Edwards,07/04/1980,096-77-5215,GA
133,416,Barbara,Lambert,07/09/1979,165-52-5353,ID
134,185,Angela,Armstrong,22/03/1990,269-99-2446,NY
135,637,Brett,Ward,27/09/1979,700-71-0204,MN
136,333,Troy,Sanchez,15/11/1990,168-44-2052,OK
137,579,Garrett,Carter,26/09/1988,652-58-7246,CA
138,215,James,Reeves,31/01/1988,770-54-1620,IN
139,152,Mary,Baker,08/07/1979,533-88-0954,MI
140,301,Alexandra,Bradley,13/06/1980,667-90-9390,AL
141,572,Aaron,James,25/03/1974,778-13-4596,OR
142,165,Thomas,Wood,21/08/1979,248-17-8269,TN
143,639,Charlene,Jackson,28/10/1989,738-45-8809,WY
144,405,Mary,Robbins,01/12/1975,407-63-9514,FL
145,390,Kayla,Washington,08/10/1985,541-21-6218,CT
146,641,Kimberly,Knapp,23/11/1992,727-48-1122,CO
147,51,Nicholas,Brown,18/09/1988,084-56-2869,SC
148,421,Rebecca,Marshall,06/05/1974,773-33-1020,PA
149,106,Mark,Smith,07/07/1979,522-60-5381,ND
150,379,Adam,Harrell,18/10/1981,469-74-0742,WV
151,76,Steve,Daniels,14/09/1980,185-86-3537,CO
152,68,Victoria,Potter,25/03/1988,010-68-4290,UT
153,118,Kathy,Preston,06/03/1990,424-27-9960,LA
154,127,Michael,Donaldson,01/01/1995,199-58-7624,CA
155,542,Brian,Bridges,22/02/1976,575-85-4546,MN
156,181,Martha,Gonzalez,17/01/1981,686-29-8342,KS
157,111,Paul,Rogers,10/01/1992,746-01-6284,MT
158,481,Dawn,Galvan,03/09/1989,265-68-8058,TN
159,568,Amber,West,19/01/1978,557-26-7363,ND
160,395,Christopher,Guerrero,29/01/1983,852-24-4036,WY
161,345,Stacy,Brooks,17/06/1991,145-64-4661,SC
162,438,Danielle,Kaiser,21/08/1975,563-85-9764,AL
163,403,Taylor,Boyle,26/09/1979,240-32-9756,MD
164,180,Donna,Howard,16/12/1978,587-37-3416,CA
165,616,Anne,Rios,26/11/1974,743-73-6513,HI
166,56,Theresa,Barnes,28/09/1976,254-35-2054,CT
167,153,Lori,Tate,08/03/1977,111-26-9123,NM
168,551,Alexandria,Baker,02/11/1974,366-95-3200,NV
169,135,Stephen,Hensley,30/09/1978,894-60-5372,GA
170,500,Jennifer,Fischer,19/11/1983,238-14-5609,UT
171,24,Pamela,Robinson,21/02/1981,047-80-4275,NM
172,81,Brendan,Gonzalez,02/08/1991,611-60-9993,SC
173,50,Richard,Turner,24/12/1982,114-08-9924,TN
174,328,Michael,Robinson,22/10/1973,558-20-2355,IL
175,402,Patricia,Sharp,13/07/1987,332-99-0306,MD
176,255,Elizabeth,Avila,15/03/1977,361-86-8453,NH
177,413,Christopher,Martinez,28/12/1978,575-63-8774,CT
178,507,Isaac,Woods,20/03/1984,615-91-6227,AK
179,62,Adriana,Wolf,17/10/1994,589-24-1702,OR
180,150,David,Pearson,14/06/1982,122-43-1781,AL
181,109,Matthew,Kramer,14/05/1988,474-39-4860,RI
182,310,Pamela,Archer,25/10/1987,775-85-2625,WV
183,243,Charles,Stout,05/12/1976,207-81-1997,KS
184,72,Daniel,Boyd,18/07/1978,402-94-1220,NY
185,608,Jimmy,Jones,19/02/1973,699-53-2030,MA
186,19,Rebecca,Hammond,21/02/1972,617-73-2706,LA
187,30,Emily,Diaz,04/12/1986,383-57-9174,AK
188,119,Chad,Wise,10/11/1988,628-30-1355,CO
189,162,Todd,Duran,14/01/1976,297-29-1832,KY
190,199,Brian,Mclaughlin,21/09/1987,719-81-2876,PA
191,187,Katherine,Rogers,13/05/1988,167-41-9500,ME
192,102,Joseph,Adams,18/01/1979,409-65-7778,WI
193,385,David,Lowery,21/10/1987,585-13-7963,UT
194,626,Janice,Young,07/07/1988,891-32-4863,WA
195,528,Anna,Matthews,09/02/1991,500-35-4474,TN
196,31,Katie,Garcia,22/03/1983,702-04-8462,AK
197,43,Maria,Estrada,30/04/1990,549-32-8108,LA
198,169,Ashley,Smith,16/07/1983,750-52-8720,TX
199,204,Amy,Wright,15/10/1991,764-48-8641,CA
200,494,Heather,Scott,20/08/1982,295-89-0361,NH
201,233,John,Anderson,30/05/1973,548-98-6681,NY
202,638,John,Anderson,07/01/1983,653-01-7935,UT
203,57,Kimberly,Harris,01/10/1988,807-73-5459,IA
204,648,Christopher,Smith,23/11/1976,878-46-2521,WI
205,192,Daniel,Singh,25/12/1980,478-27-7521,VA
206,73,Miranda,Nguyen,12/08/1981,166-93-2585,ME
207,477,Gregory,Simpson,09/07/1990,086-18-9365,CO
208,411,Daniel,Brown,19/04/1984,808-28-6526,NM
209,630,Susan,Thompson,17/05/1985,518-54-6074,TN
210,600,Rick,Johns,30/07/1984,537-62-7121,NV
211,634,Sean,Calhoun,31/07/1978,799-26-2261,SD
212,296,Alan,Holden,06/11/1994,319-01-6916,PA
213,154,Robin,Silva,14/07/1987,517-18-0453,AK
214,527,Nicole,Conrad,02/06/1985,370-18-6985,SD
215,635,Deanna,Russell,29/07/1972,528-47-9236,MD
216,229,Joshua,Bailey,20/07/1986,599-22-4031,WV
217,389,Daniel,Patrick,15/10/1972,498-64-8777,GA
218,220,William,Smith,04/06/1990,084-38-0654,AR
219,454,Kristin,Grant,23/08/1980,753-79-9693,WV
220,488,Kimberly,Velasquez,10/01/1989,076-78-4229,GA
221,41,Michael,Dalton,08/03/1994,054-72-2101,WI
222,522,Jason,Shaw,01/11/1985,497-85-4765,KY
223,269,Jonathon,Olson,08/07/1985,858-76-7767,SC
224,35,Andrea,Perry,01/02/1986,154-16-8897,CO
225,10,Anthony,Nguyen,09/10/1986,623-09-8472,WI
226,397,Anthony,Christensen,13/05/1983,207-71-8703,OH
227,45,Paul,Murphy,18/07/1975,241-75-9454,NJ
228,210,Susan,Stewart,23/04/1989,459-66-2712,GA
229,197,Scott,Warren,24/06/1985,756-57-3723,OH
230,354,Jennifer,Avery,08/08/1987,082-59-5062,LA
231,552,Alexander,Vaughan,22/08/1988,866-33-8562,MI
232,414,Laura,Parker,05/12/1973,729-62-6879,CO
233,134,Derek,Harrington,15/09/1990,535-01-2836,AR
234,11,Daniel,Wells,27/08/1994,839-35-7268,CA
235,222,Kelly,Phillips,05/11/1987,192-12-1324,MI
236,442,Lauren,Bennett,05/06/1985,767-19-4874,IA
237,633,Aaron,Wolf,09/04/1978,317-42-1149,WY
238,361,Julia,Wright,04/09/1980,542-41-6702,CO
239,205,Cheryl,Dennis,16/06/1986,026-01-0712,TX
240,18,Donna,Lopez,22/02/1985,479-38-5711,DE
241,459,Matthew,Gibbs,12/06/1984,116-40-9698,ID
242,564,Nancy,Mitchell,02/02/1988,189-86-9365,GA
243,138,Ashley,Bullock,23/07/1983,889-76-5394,MS
244,356,Andrew,Moore,03/01/1982,477-15-5178,ID
245,479,Joseph,Martinez,05/10/1973,768-26-9409,NH
246,100,Yvette,Rodriguez,11/09/1985,763-31-8123,OR
247,451,Carrie,Barber,09/11/1977,003-45-3083,LA
248,432,Ashley,Sherman,01/10/1984,620-89-1501,NE
249,71,Craig,Garcia,18/08/1994,455-61-3695,PA
250,463,Jerome,Brown,10/07/1992,409-31-9456,MD
251,308,Kevin,Beck,29/03/1981,159-41-7304,TN
252,591,Travis,Hansen,28/07/1981,475-71-6746,DE
253,214,Rodney,Cook,15/12/1994,238-96-6232,RI
254,290,Theresa,Brown,20/02/1993,804-19-3478,MN
255,8,Wayne,Mercer,21/09/1989,701-03-7254,MA
256,182,Mary,Lee,12/04/1982,883-57-7361,OH
257,534,Matthew,Martin,12/07/1993,338-08-7803,ID
258,511,Lee,Weber,03/12/1988,198-89-9830,CA
259,32,James,Wilson,23/07/1977,621-18-7343,OR
260,289,Angela,Clark,20/04/1988,281-90-3392,MN
261,643,Allen,Flynn,25/07/1994,628-97-7573,NH
262,234,Darrell,Coleman,24/08/1992,812-42-4198,WI
263,618,Patrick,Wells,03/08/1979,466-38-3209,MS
264,246,Tyler,Beck,20/10/1986,129-76-1385,HI
265,546,Michelle,Jenkins,29/11/1977,858-22-8254,NE
266,455,Scott,Miller,27/09/1991,209-56-3580,WY
267,341,Maria,Mcmillan,07/09/1973,817-55-3730,TX
268,252,Amy,Waller,01/10/1980,603-54-8763,MA
269,351,Jacob,Thomas,31/03/1976,809-33-8896,MS
270,493,Amanda,Jones,31/07/1993,687-39-0691,MN
271,599,Edward,Padilla,09/10/1993,719-25-5222,PA
272,315,Debra,Best,20/02/1973,082-24-3320,ND
273,577,Gregory,Roberts,27/01/1986,186-68-4496,IN
274,415,Suzanne,Wheeler,19/05/1985,456-41-2982,WI
275,303,Ann,Lewis,14/01/1976,298-83-0619,MT
276,478,Michelle,Peterson,25/06/1984,177-22-2154,MA
277,313,Adam,Thomas,30/12/1982,057-11-1297,VA
278,4,Donna,Owens,26/09/1987,084-17-6696,AL
279,249,Pamela,Lyons,27/09/1972,867-13-3318,AR
280,649,Victor,Lopez,26/10/1987,141-12-3964,NV
281,565,Matthew,Miller,07/04/1979,330-94-3517,CO
282,513,Kevin,Foster,18/10/1985,422-99-5090,WI
283,516,Alyssa,Stokes,01/04/1973,084-21-2432,OH
284,545,Mark,Saunders,23/08/1973,618-38-2640,VT
285,38,Michael,Chapman,13/03/1977,293-49-6874,OR
286,309,Cole,Farrell,29/01/1993,547-17-7973,IN
287,578,Michael,Estrada,12/10/1994,571-34-2448,OH
288,178,Shaun,Martinez,11/12/1982,152-98-5793,NC
289,359,Victoria,Moon,06/01/1976,830-03-8604,AZ
290,278,Brian,Peters,07/05/1982,543-13-3701,HI
291,292,Jose,Gonzalez,01/06/1992,608-36-9797,MD
292,87,John,Paul,20/11/1973,315-98-7180,KY
293,286,Stephanie,Smith,26/04/1978,259-17-1286,NH
294,221,Lisa,Wilson,09/11/1993,751-41-6950,AZ
295,524,Cody,Duran,15/01/1973,653-33-6706,NM
296,453,Ann,Johnson,01/06/1981,051-21-9046,NE
297,468,Paula,Hernandez,12/10/1975,259-58-2951,CA
298,444,Patrick,Barber,21/07/1991,613-82-9891,NY
299,350,Dennis,Alvarado,27/11/1973,632-89-4378,MT
300,462,David,Peterson,27/06/1973,884-25-7312,LA
301,66,Tina,Williams,04/11/1987,045-10-7775,OR
302,495,Bridget,Koch,23/02/1973,618-56-9714,WY
303,586,Adrian,Hernandez,08/09/1993,433-29-5101,NE
304,457,Andrea,Potter,26/12/1983,034-01-6384,NH
305,392,David,Williams,07/07/1990,802-19-6350,MA
306,202,Katherine,Wright,10/05/1987,665-34-3109,AR
307,467,Kevin,Taylor,19/04/1979,273-85-2293,NH
308,627,Latoya,Mitchell,15/03/1991,057-81-3607,ME
309,367,Tricia,Smith,24/01/1992,072-19-7866,CA
310,244,David,Miles,26/11/1993,276-83-2657,MI
311,620,Gina,Hoffman,20/03/1990,723-22-4213,UT
312,642,Tamara,Whitney,21/09/1975,871-91-9208,MO
313,427,John,Garcia,14/04/1987,044-94-3993,TX
314,539,Craig,Nunez,13/06/1972,543-92-6566,DE
315,98,Desiree,Ross,07/07/1981,246-73-2608,MS
316,324,Samantha,Ramirez,11/08/1981,851-36-7086,MD
317,589,David,Patton,19/11/1978,569-40-9705,PA
318,339,Caroline,Lopez,09/08/1981,141-88-1325,OK
319,645,Karen,Malone,03/09/1985,843-57-5442,CO
320,355,Daniel,Wright,31/12/1989,873-89-3803,FL
321,541,Brent,Miller,14/01/1978,590-87-9692,HI
322,360,Mitchell,Meyer,31/08/1991,368-27-7666,RI
323,39,Annette,Flores,19/04/1977,537-24-3196,NE
324,305,Wendy,Hendrix,19/08/1983,001-37-6634,WY
325,474,Alexis,Cross,11/08/1983,552-98-3694,MN
326,571,Jeffrey,Jones,27/06/1981,852-86-1822,SD
327,372,Jessica,Walsh,01/06/1976,846-99-2907,RI
328,559,Sherry,Henderson,15/02/1991,217-07-3768,FL
329,521,Jennifer,Johnson,17/02/1978,283-79-3102,OK
330,583,Scott,Ellison,31/03/1977,602-12-8653,NH
331,329,Denise,Baldwin,06/04/1992,279-07-7350,AL
332,201,Rebecca,James,04/12/1980,006-26-1514,MA
333,276,Sean,Gonzales,11/08/1981,068-74-8838,MO
334,592,Mary,Chavez,27/04/1990,809-22-2834,PA
335,124,Ralph,Martinez,26/02/1980,824-09-4024,WA
336,133,Thomas,Stone,29/03/1973,220-15-8227,DE
337,314,Christopher,Anderson,01/07/1974,726-98-1835,NC
338,562,Allison,Garcia,08/02/1983,441-64-0105,LA
339,125,Charles,Hall,15/09/1982,691-66-7617,PA
340,625,Lawrence,Roach,03/04/1991,032-09-2080,KY
341,312,Christopher,Dougherty,29/03/1978,344-71-0986,AL
342,90,William,Small,05/08/1990,454-32-0642,CO
343,236,Samuel,May,30/03/1988,091-15-0970,NJ
344,601,Brian,Lopez,13/02/1990,727-03-7558,DE
345,326,Amanda,Clark,23/07/1991,601-64-5043,MN
346,264,Cody,Taylor,13/11/1978,769-71-3700,SD
347,248,Sherry,Love,24/03/1975,166-29-8685,OR
348,485,Christine,Stone,07/11/1978,727-79-6503,KS
349,54,Kristy,Diaz,26/03/1988,779-76-1032,IA
350,2,Amy,Long,19/07/1982,791-29-7292,FL
351,298,Haley,Myers,20/03/1985,357-51-0757,MD
352,99,Michael,Holden,23/07/1975,637-01-7951,IN
353,186,Kelly,Ferrell,21/01/1982,017-64-2299,NH
354,593,Rachel,Valdez,21/05/1985,288-96-0852,UT
355,557,Kristine,Roberson,18/03/1981,285-17-0956,MN
356,375,Vincent,Watson,15/12/1974,626-71-8997,RI
357,460,Elizabeth,Bailey,15/07/1979,304-36-7230,MI
358,496,Mark,Mcmillan,08/07/1976,737-51-2503,MI
359,487,Sheri,Long,06/06/1978,711-90-5166,OH
360,469,Daniel,Mccall,12/07/1987,171-75-5314,NE
361,340,Dawn,Malone,19/04/1979,501-21-2070,TN
362,363,Evan,Romero,25/08/1994,842-10-3334,NM
363,108,Paul,Adams,19/04/1992,338-94-5765,WV
364,357,Tracy,Holt,20/10/1988,558-78-1413,AK
365,293,Charles,Wheeler,11/02/1972,184-38-5781,CA
366,604,Ashley,Harris,09/08/1993,105-86-7070,IL
367,7,Roberto,Schmidt,07/02/1994,731-10-1763,AL
368,94,Margaret,Barton,10/10/1975,381-60-0973,ID
369,227,Michelle,Diaz,25/09/1993,407-79-4889,ID
370,486,Mike,Duncan,15/12/1988,270-03-8115,MD
371,613,Alexandra,Thomas,12/01/1994,085-40-6760,SD
372,603,Mark,Murillo,22/09/1976,069-17-9915,MI
373,332,Carol,Dyer,12/03/1989,600-52-5545,HI
374,587,Daniel,Williams,17/11/1989,533-29-9146,NH
375,602,Sandra,Suarez,20/09/1980,769-90-9548,GA
376,398,Sarah,Hamilton,20/07/1976,887-03-3104,ND
377,148,Sydney,Floyd,31/03/1981,539-71-0722,CT
378,223,Jonathan,Hall,01/07/1978,695-47-6672,NE
379,574,Jennifer,Kim,03/10/1976,313-36-9504,MN
380,588,Kenneth,Sanchez,30/10/1980,214-25-8921,CA
381,157,Joseph,Carroll,09/05/1975,370-40-5984,ND
382,175,Jennifer,Arnold,18/10/1976,427-30-4368,AL
383,473,David,Le,31/08/1976,010-02-5444,MI
384,29,Jeffrey,Clark,28/06/1978,635-21-0316,MO
385,334,Jeffery,Reed,19/07/1985,080-44-6338,NJ
386,465,Laura,Kim,26/07/1974,895-19-3606,PA
387,92,Derek,Obrien,29/06/1990,410-87-6123,NH
388,470,Brooke,Bishop,18/12/1980,412-08-4107,CA
389,128,Peter,Miles,26/10/1976,414-73-3367,WA
390,77,Alex,Owen,07/10/1987,416-16-9252,AL
391,530,Michael,Fowler,28/08/1990,645-83-3995,TN
392,270,Katherine,Rose,19/01/1976,441-58-0446,MN
393,251,Daniel,Waller,23/04/1974,875-21-0011,KY
394,277,Ronald,Johnson,19/09/1973,114-71-8871,DE
395,346,Austin,Gutierrez,25/06/1979,205-28-0203,VT
396,238,Brandon,Chang,14/05/1984,341-89-6687,AL
397,143,Alexander,Murphy,05/05/1984,775-04-0664,UT
398,461,Stephanie,Mendoza,22/03/1977,329-01-8308,VT
399,5,Gregory,Moore,10/02/1982,870-62-6226,MA
400,117,Jonathan,Mendoza,30/12/1989,693-61-0262,MD
401,396,Michelle,Phillips,17/09/1988,844-26-2345,OK
402,517,Justin,Morgan,17/03/1976,774-57-5133,MI
403,228,Michael,Hubbard,09/09/1978,620-09-8972,CT
404,576,Travis,Little,14/05/1992,731-12-6995,WY
405,482,Susan,Kennedy,19/12/1988,617-76-4558,ME
406,611,Emily,Mcgrath,10/11/1973,813-34-7640,CO
407,288,Sandra,Griffin,13/11/1988,499-56-6533,NV
408,322,Jessica,Sullivan,07/01/1990,889-12-2665,WY
409,93,Timothy,Mendoza,09/06/1980,241-02-2367,NM
410,631,Amanda,Pearson,15/08/1979,422-17-9832,TN
411,95,Jeffery,Burnett,28/07/1984,704-38-4493,KS
412,225,Brian,Williams,12/01/1986,864-23-5701,MT
413,386,Randy,Dorsey,09/05/1974,425-80-0360,MO
414,272,Duane,Williams,14/10/1973,433-06-8818,NV
415,614,Colleen,Beasley,12/08/1977,108-95-3286,MA
416,262,Brian,Jackson,21/12/1985,265-23-9597,PA
417,110,Cynthia,Price,15/10/1991,883-48-6184,SD
418,501,Donald,Carter,16/07/1983,441-92-5922,HI
419,65,Lisa,Schmitt,23/04/1976,124-27-5980,TN
420,458,Dustin,Nichols,07/06/1977,515-40-9015,NE
421,224,Jay,Brown,24/04/1980,270-72-8736,TX
422,160,Beth,Lynch,13/02/1984,746-76-0814,AK
423,259,Mary,Mitchell,20/01/1982,789-28-3602,TX
424,547,Joshua,Rush,05/08/1986,611-35-2710,GA
425,358,Jillian,David,11/04/1973,737-64-4462,HI
426,652,Anthony,Delgado,19/09/1994,004-64-7837,FL
427,49,Meghan,Wilson,18/05/1988,367-27-4722,HI
428,437,Andrea,Montgomery,03/12/1991,815-88-6315,OH
429,536,Megan,Gray,12/10/1972,778-23-4006,NY
430,636,Sarah,Brooks,27/06/1991,311-24-6948,AR
431,330,Kaylee,Clark,29/05/1992,790-16-0753,WI
432,538,Joseph,Martin,13/04/1992,030-49-5396,AR
433,168,Donna,Rose,20/04/1989,719-40-1960,TN
434,480,Brandi,Sawyer,13/07/1979,008-58-9334,RI
435,543,James,Torres,19/01/1986,626-84-5026,DE
436,506,Jonathan,Malone,14/04/1984,564-67-9942,MN
437,80,Christine,Williams,15/08/1974,527-98-1974,MN
438,342,Christopher,Young,02/12/1988,326-55-1343,NE
439,364,David,Turner,13/02/1973,087-32-7108,IL
440,64,Gregory,Estes,04/10/1989,075-74-9235,KS
441,156,Shannon,Vaughn,27/12/1992,808-91-2444,AR
442,285,James,Mclaughlin,21/01/1981,283-38-1088,NC
443,79,Michael,Brown,13/01/1986,132-02-9682,OH
444,170,Jennifer,Crawford,21/07/1986,229-11-5861,FL
445,561,Michelle,Carr,22/06/1978,823-25-2759,CT
446,617,Andrew,Love,27/05/1991,648-67-9696,OH
447,515,Anna,Bennett,20/06/1977,726-51-6909,TN
448,644,William,Watts,12/10/1989,304-40-6883,MN
449,450,Cynthia,Williams,23/12/1978,044-54-5994,NY
450,216,Bruce,Miles,21/01/1982,573-82-0969,IA
451,88,Amanda,Wilson,23/05/1972,724-19-0767,NE
452,130,Joshua,Riley,08/11/1983,854-49-4874,IN
453,408,Carla,Torres,23/02/1987,370-68-7599,CT
454,105,Mark,Green,14/06/1977,198-33-6893,AZ
455,580,Stephanie,Goodwin,25/02/1986,344-89-5702,NC
456,388,Cameron,Allen,02/01/1986,136-19-8341,ID
457,316,Harold,Li,11/05/1983,283-61-2966,GA
458,196,Sara,Curry,05/06/1984,519-38-1678,ID
459,366,Caroline,Wyatt,12/11/1979,445-50-7063,NY
460,331,Nicole,Perez,28/09/1982,462-42-1455,MT
461,63,Jacqueline,Garcia,31/01/1991,295-50-8953,NC
462,651,Alexander,Wright,18/04/1979,756-79-7263,MN
463,497,Heather,Farrell,11/01/1978,310-06-0338,MA
464,14,Joseph,Fernandez,01/06/1978,426-42-4971,IL
465,52,Timothy,Chandler,26/03/1978,582-22-3897,NM
466,456,Gregory,Jackson,06/06/1973,534-49-0058,WY
467,412,Thomas,Patterson,06/05/1977,461-05-4561,VA
468,283,Timothy,Suarez,12/01/1977,297-27-3073,WI
469,174,Jennifer,Jensen,09/03/1991,887-11-4293,GA
470,509,Andrew,Hogan,08/06/1990,792-16-5943,ND
471,254,Dale,Hartman,01/10/1993,432-25-9502,ME
472,531,Jennifer,Williams,27/02/1977,636-51-9054,OK
473,104,Antonio,Perez,09/02/1980,389-42-4115,NC
474,549,Joshua,Hicks,07/01/1985,513-99-4786,KS
475,183,Edward,Thompson,31/08/1994,079-49-8605,OH
476,612,Lee,Zamora,17/03/1979,869-60-3321,UT
477,492,Wyatt,Rivers,07/02/1984,614-70-5135,KY
478,27,Michelle,Reeves,23/11/1972,785-63-1066,PA
479,287,Joanna,Hopkins,17/04/1973,040-93-2714,MA
480,584,Joseph,Mitchell,18/05/1980,467-14-7441,VA
481,624,Ariel,Ray,11/09/1972,864-09-2732,OR
482,53,Shawn,Murray,30/10/1990,289-22-5217,MS
483,206,Jose,Spears,01/03/1976,853-38-2675,NH
484,211,Caroline,Mayer,03/05/1973,003-62-2487,WY
485,646,David,Weaver,11/08/1976,757-06-2750,ME
486,336,Kelly,Sullivan,12/04/1988,661-66-7284,NV
487,555,Kyle,Ramirez,30/05/1984,493-42-2839,WA
488,560,Carrie,Davis,20/06/1984,515-71-6558,WA
489,203,Catherine,Martinez,28/04/1990,810-79-6917,NM
490,217,Amanda,Lewis,05/12/1988,367-54-0504,MT
491,371,Katherine,Bailey,04/03/1994,363-30-3545,WV
492,605,Rodney,Smith,08/05/1975,618-31-3105,NH
493,337,Savannah,Saunders,12/05/1984,465-33-2473,IA
494,381,Claudia,Oneal,01/04/1987,377-73-9008,TX
495,508,Roy,Johnson,30/03/1984,467-51-6344,AK
496,58,Michelle,Smith,08/07/1982,201-65-6834,NV
497,401,Amanda,Haney,11/04/1983,590-77-9019,IA
498,163,Theresa,Fletcher,22/10/1992,184-29-0535,VA
499,548,Debra,Green,20/07/1988,227-39-5376,SC
500,161,John,Cox,11/12/1985,338-52-7739,OH
501,464,Beth,Harris,22/12/1982,698-92-5871,RI
502,476,Erica,Mcconnell,01/07/1981,160-88-0878,MA
503,208,Kimberly,Johnson,22/01/1992,714-72-4304,PA
504,378,Kyle,Aguirre,24/10/1973,371-57-4469,NE
505,654,Nicole,English,30/04/1977,765-82-9164,HI
506,585,Bonnie,Turner,01/04/1973,074-68-0208,MD
507,621,Maurice,Gillespie,07/09/1984,837-91-8509,GA
508,300,Corey,Adams,08/10/1988,248-93-2578,OR
509,640,Brett,Nelson,20/06/1986,084-14-3049,MD
510,297,Melody,Nelson,23/01/1979,192-41-1931,VA
511,209,James,Young,12/04/1980,236-57-8557,ME
512,320,Robert,Smith,14/04/1994,596-07-0748,MS
513,242,Caroline,Larson,05/05/1990,301-81-7178,LA
514,258,Megan,Robinson,24/03/1973,504-14-1601,WV
515,570,Shawn,Edwards,19/01/1978,767-54-4865,LA
516,417,David,Evans,15/09/1977,333-38-6773,WA
517,281,Julie,Price,20/01/1993,727-90-3599,PA
518,436,Briana,Webster,08/02/1978,272-29-3704,PA
519,441,Robin,Oconnor,27/02/1978,413-15-0782,NH
520,425,Albert,Davidson,20/01/1975,207-05-9182,CA
521,553,Mark,Chen,02/04/1989,706-71-3553,WY
522,266,Elizabeth,Lynn,25/02/1992,824-09-8647,MA
523,40,Tracy,Gonzalez,01/11/1983,073-55-4059,WY
524,609,Patricia,Fletcher,30/06/1979,843-06-2311,RI
525,471,Tammy,Salinas,29/12/1980,840-48-3850,NC
526,307,Roger,Wright,04/03/1974,311-67-3080,MO
527,353,Kelly,Castillo,13/04/1992,821-22-7622,WA
528,393,Charles,Kelley,14/04/1993,159-25-1133,OK
529,607,David,Johnson,23/06/1985,002-74-9729,DE
530,483,David,Cervantes,08/01/1983,415-39-0082,WA
531,370,Valerie,Lopez,10/04/1983,382-70-0441,AL
532,273,Sarah,Hayes,20/11/1984,110-63-8195,CT
533,141,Christina,Arnold,20/10/1979,155-78-2313,NY
534,338,Cynthia,Bennett,26/11/1973,763-92-7899,MD
535,15,Michelle,Huang,09/04/1983,469-34-8363,UT
536,120,Amanda,Dodson,04/03/1973,203-93-6056,KS
537,75,Jeff,Hawkins,10/08/1992,488-30-5606,IL
538,115,Patrick,Taylor,29/07/1991,169-49-5595,MO
539,629,Elizabeth,Howard,05/11/1984,060-60-2641,AZ
540,299,Noah,White,30/04/1977,096-79-0897,SC
541,498,Caroline,Jackson,29/12/1983,228-19-4102,DE
542,445,Andrea,Wright,15/06/1978,305-24-8386,OH
543,582,Sara,Smith,02/01/1983,761-28-9188,TN
544,245,Jennifer,Rodriguez,23/04/1974,264-82-2538,NM
545,129,Deanna,Terrell,05/02/1990,037-69-5743,OK
546,544,Kristina,Summers,17/02/1989,005-91-3058,OR
547,377,Laura,Mercado,05/04/1974,303-84-9514,MI
548,155,Matthew,Kane,17/11/1990,236-21-9385,PA
549,440,Tamara,White,20/05/1980,758-53-6614,FL
550,550,Samantha,Thompson,04/06/1976,279-17-9230,NY
551,47,John,Mcmillan,02/03/1983,487-50-7301,NV
552,89,Andrea,Webb,11/12/1985,443-79-7815,VA
553,145,Lori,Odonnell,22/10/1989,253-31-2415,KS
554,554,Ronald,Huerta,13/12/1973,479-84-6058,OK
555,523,Chelsea,Foster,26/03/1974,383-14-4094,AK
556,499,Daniel,Lopez,07/09/1989,463-91-2639,AR
557,37,Jonathan,Jones,13/01/1977,835-17-7798,MN
558,384,Jessica,Gaines,23/04/1981,424-63-9332,CO
559,514,Timothy,Morris,16/06/1981,644-90-2962,WY
560,260,Donna,Campbell,14/07/1993,272-12-2369,NV
561,239,Tonya,Martinez,04/09/1972,758-21-7702,IA
562,420,Pamela,Moore,20/02/1980,116-55-9532,NJ
563,380,Michelle,Ali,05/05/1993,276-49-3823,KS
564,387,Alexander,Gibson,27/10/1983,691-27-1036,CO
565,207,Jay,Smith,06/03/1985,223-84-6315,CT
566,318,Teresa,Watkins,27/07/1972,888-39-5707,NY
567,16,Bradley,Guzman,08/05/1980,169-11-2817,WY
568,61,Rhonda,Young,03/06/1979,417-54-2336,NE
569,280,Brandon,Davis,22/07/1977,787-43-1621,AZ
570,13,Brandon,Farmer,10/08/1980,456-81-2601,TX
571,563,Barbara,Murphy,30/10/1989,061-21-9225,AR
572,569,James,King,21/04/1978,780-72-1432,AK
573,575,Drew,Kelly,25/03/1993,472-02-3264,WA
574,319,Virginia,Wise,18/02/1982,672-32-8887,OR
575,122,Mary,Hernandez,29/01/1990,565-81-5268,NY
576,520,Ryan,Russell,06/01/1975,092-91-3828,HI
577,489,Amanda,Smith,05/08/1989,572-68-3579,DE
578,136,Morgan,Dunn,13/07/1980,023-57-1601,AZ
579,142,Kimberly,Shaw,11/06/1973,215-04-7577,MA
580,250,Kathleen,Klein,15/01/1990,020-62-3388,NM
581,383,Diana,Meyers,13/09/1972,070-31-4296,TN
582,650,Logan,Smith,26/03/1990,561-73-0194,MN
583,231,Tracy,Martin,03/05/1975,818-01-0726,AK
584,431,Edwin,Martin,13/02/1988,408-06-9168,MO
585,306,Kelly,Moran,14/07/1976,729-38-0670,NV
586,151,Robert,Smith,12/01/1987,038-77-2300,ID
587,519,Jane,Martinez,30/01/1991,747-95-3977,AZ
588,172,Denise,Castillo,10/10/1983,748-58-0042,LA
589,121,Jonathon,Brock,30/04/1980,825-84-9917,CO
590,140,Amanda,Franco,24/09/1994,300-85-5413,AK
591,48,Heather,Robinson,20/11/1985,237-56-1929,MN
592,282,Kathryn,Stout,24/08/1987,137-83-9637,IA
593,42,Cory,Hopkins,13/03/1977,272-53-9491,AK
594,247,Ryan,Snyder,14/07/1982,857-30-9330,MA
595,59,Sara,Walker,16/08/1985,024-86-5423,NE
596,137,Daniel,Garcia,21/04/1979,560-41-3001,WI
597,257,Paul,Evans,25/06/1977,401-60-4302,MN
598,343,Elizabeth,Olson,22/01/1976,638-61-7163,MA
599,195,Ann,Romero,27/10/1989,460-21-4046,DE
600,268,Thomas,Jensen,23/02/1991,771-14-3430,OH
601,558,Brian,Davila,05/07/1982,054-83-3711,DE
602,70,Donna,Howard,31/03/1990,306-06-7432,MS
603,28,Kimberly,Massey,01/01/1981,769-02-4649,MO
604,132,Jeremy,Cross,22/11/1987,157-72-4632,HI
605,335,Dennis,Thomas,11/06/1989,326-36-5032,IN
606,349,Kenneth,Martin,24/08/1989,175-81-4681,MI
607,510,Tyler,Brewer,28/06/1972,212-01-9006,HI
608,36,Scott,Brooks,24/02/1972,855-42-4958,NY
609,430,Derrick,Fritz,05/12/1982,075-98-0071,IA
610,376,Christine,Munoz,17/11/1974,018-38-0149,MO
611,226,Julie,Robbins,23/11/1976,058-13-4571,IN
612,240,Rachel,Cook,03/03/1982,716-85-9042,NM
613,291,Kyle,Hoffman,25/12/1984,003-43-7692,MT
614,619,Nancy,Nguyen,05/07/1976,847-75-3939,VA
615,424,John,Wells,25/05/1993,299-24-3026,NH
616,212,Robert,Ellison,16/07/1979,371-13-9579,NE
617,263,Keith,Robinson,15/04/1978,538-88-3579,NC
618,443,Dennis,Osborn,15/11/1973,716-62-3531,MA
619,26,Ronald,Hays,21/12/1993,282-09-6430,TX
620,491,Leslie,Brown,15/06/1973,805-86-1806,NJ
621,114,Maria,Chapman,20/12/1973,165-32-7300,OK
622,434,Melissa,Torres,22/03/1981,484-34-6921,NM
623,615,Joshua,Weaver,20/11/1982,268-48-7030,IA
624,525,Crystal,Martin,29/08/1993,252-45-0679,ME
625,44,Sheri,Ball,04/08/1991,422-21-7548,AZ
626,475,Steven,Ritter,11/02/1986,063-53-8004,OH
627,529,Linda,Krause,22/12/1978,138-55-4382,SD
628,83,John,Myers,25/07/1989,879-93-1869,NJ
629,275,Mark,White,09/09/1992,254-67-7830,ID
630,190,Diana,Smith,02/12/1973,893-18-3506,IL
631,423,Karen,Lyons,09/06/1990,244-19-9081,OK
632,581,Laura,Glenn,20/10/1992,401-57-1468,TX
633,177,Diana,Spence,20/09/1983,802-85-4751,MA
634,573,Samantha,Farley,10/07/1977,225-05-2351,WA
635,46,Kayla,Mitchell,13/10/1975,014-15-9155,WI
636,17,Crystal,Myers,31/12/1980,497-13-6532,OH
637,101,Brooke,Jones,09/04/1979,200-90-2606,TN
638,261,John,Mueller,22/03/1987,260-56-7849,MD
639,435,Karla,Rosales,10/07/1983,294-95-1729,IL
640,448,Jennifer,Brown,23/08/1977,234-83-0700,MA
641,597,Blake,Jimenez,10/09/1977,199-95-3810,KS
642,628,Michael,Garcia,05/11/1980,716-14-4294,IL
643,610,Jermaine,Quinn,24/12/1989,800-42-1754,CA
644,113,Patricia,Cruz,22/04/1976,214-78-3822,IN
645,235,Cameron,Mcintosh,01/02/1975,781-82-8921,NV
646,21,Michelle,Brewer,10/06/1988,038-84-6836,OK
647,362,Hannah,Nolan,15/09/1978,570-46-1332,OK
648,368,Erica,Johnson,27/05/1978,620-05-9413,LA
649,323,Jeremy,Obrien,13/01/1982,153-17-7592,OR
